{
  "image": "aug_pool_real_024_103.jpg",
  "width": 456,
  "height": 632,
  "corners": {
    "TL": [
      72.73413848876953,
      134.5013427734375
    ],
    "TR": [
      234.3025665283203,
      92.24449157714844
    ],
    "BR": [
      394.6067810058594,
      393.0028076171875
    ],
    "BL": [
      153.2132568359375,
      477.354248046875
    ]
  },
  "order": [
    "TL",
    "TR",
    "BR",
    "BL"
  ],
  "augmented_from": "pool_real_024.jpg"
}