{
  "image": "aug_original_020.jpg",
  "width": 850,
  "height": 560,
  "corners": {
    "TL": [
      223.4235076904297,
      208.11007690429688
    ],
    "TR": [
      628.6629638671875,
      200.8162078857422
    ],
    "BR": [
      754.7137451171875,
      514.9757080078125
    ],
    "BL": [
      95.52784729003906,
      526.31884765625
    ]
  },
  "order": [
    "TL",
    "TR",
    "BR",
    "BL"
  ],
  "augmented_from": "original.jpg"
}