{
  "image": "aug_pool_real_010_069.jpg",
  "width": 379,
  "height": 310,
  "corners": {
    "TL": [
      249.2436981201172,
      86.8388671875
    ],
    "TR": [
      338.6899719238281,
      120.8883285522461
    ],
    "BR": [
      147.07606506347656,
      217.07623291015625
    ],
    "BL": [
      62.13984298706055,
      122.89641571044922
    ]
  },
  "order": [
    "TL",
    "TR",
    "BR",
    "BL"
  ],
  "augmented_from": "pool_real_010.jpg"
}