{
  "image": "aug_pool_real_003_039.jpg",
  "width": 875,
  "height": 1070,
  "corners": {
    "TL": [
      495.26837158203125,
      633.5282592773438
    ],
    "TR": [
      695.5340576171875,
      684.0718994140625
    ],
    "BR": [
      476.06011962890625,
      805.8101196289062
    ],
    "BL": [
      148.22369384765625,
      666.7695922851562
    ]
  },
  "order": [
    "TL",
    "TR",
    "BR",
    "BL"
  ],
  "augmented_from": "pool_real_003.png"
}