{
  "image": "aug_pool_real_024_100.jpg",
  "width": 368,
  "height": 594,
  "corners": {
    "TL": [
      100.17401123046875,
      73.34300231933594
    ],
    "TR": [
      266.45135498046875,
      88.89420318603516
    ],
    "BR": [
      314.22265625,
      426.3418273925781
    ],
    "BL": [
      58.537044525146484,
      423.0448303222656
    ]
  },
  "order": [
    "TL",
    "TR",
    "BR",
    "BL"
  ],
  "augmented_from": "pool_real_024.jpg"
}