{
  "image": "aug_pool_real_023_095.jpg",
  "width": 1000,
  "height": 1000,
  "corners": {
    "TL": [
      345.5915832519531,
      328.1562194824219
    ],
    "TR": [
      716.85205078125,
      306.3644104003906
    ],
    "BR": [
      905.7708740234375,
      615.9295654296875
    ],
    "BL": [
      184.01100158691406,
      609.25732421875
    ]
  },
  "order": [
    "TL",
    "TR",
    "BR",
    "BL"
  ],
  "augmented_from": "pool_real_023.jpg"
}