{
  "image": "aug_images_004.jpg",
  "width": 333,
  "height": 239,
  "corners": {
    "TL": [
      95.37686157226562,
      58.841121673583984
    ],
    "TR": [
      188.2952117919922,
      30.8378963470459
    ],
    "BR": [
      317.6376953125,
      134.90768432617188
    ],
    "BL": [
      64.722412109375,
      226.48748779296875
    ]
  },
  "order": [
    "TL",
    "TR",
    "BR",
    "BL"
  ],
  "augmented_from": "images.jpeg"
}