{
  "image": "aug_pool_real_024_109.jpg",
  "width": 320,
  "height": 569,
  "corners": {
    "TL": [
      45.24384307861328,
      73.13744354248047
    ],
    "TR": [
      228.545654296875,
      47.995079040527344
    ],
    "BR": [
      301.3095703125,
      389.5500793457031
    ],
    "BL": [
      49.71642303466797,
      406.1771545410156
    ]
  },
  "order": [
    "TL",
    "TR",
    "BR",
    "BL"
  ],
  "augmented_from": "pool_real_024.jpg"
}