{
  "image": "aug_pool_real_002_036.jpg",
  "width": 1000,
  "height": 802,
  "corners": {
    "TL": [
      60.474761962890625,
      266.7393798828125
    ],
    "TR": [
      364.27392578125,
      275.3889465332031
    ],
    "BR": [
      869.9640502929688,
      419.2386779785156
    ],
    "BL": [
      378.7795715332031,
      425.6695861816406
    ]
  },
  "order": [
    "TL",
    "TR",
    "BR",
    "BL"
  ],
  "augmented_from": "pool_real_002.png"
}