{
  "image": "aug_pool_real_024_099.jpg",
  "width": 413,
  "height": 615,
  "corners": {
    "TL": [
      142.48597717285156,
      77.38816833496094
    ],
    "TR": [
      306.7752380371094,
      107.37222290039062
    ],
    "BR": [
      324.9542236328125,
      447.6993103027344
    ],
    "BL": [
      70.52893829345703,
      422.13037109375
    ]
  },
  "order": [
    "TL",
    "TR",
    "BR",
    "BL"
  ],
  "augmented_from": "pool_real_024.jpg"
}