{
  "image": "aug_pool_real_010_072.jpg",
  "width": 379,
  "height": 310,
  "corners": {
    "TL": [
      222.32823181152344,
      70.51593780517578
    ],
    "TR": [
      318.02581787109375,
      71.91954803466797
    ],
    "BR": [
      170.86585998535156,
      227.84242248535156
    ],
    "BL": [
      58.84052658081055,
      168.39224243164062
    ]
  },
  "order": [
    "TL",
    "TR",
    "BR",
    "BL"
  ],
  "augmented_from": "pool_real_010.jpg"
}