{
  "image": "aug_images_006.jpg",
  "width": 324,
  "height": 217,
  "corners": {
    "TL": [
      104.77660369873047,
      37.355899810791016
    ],
    "TR": [
      200.8238983154297,
      23.466449737548828
    ],
    "BR": [
      299.4566955566406,
      162.45053100585938
    ],
    "BL": [
      31.534299850463867,
      186.33766174316406
    ]
  },
  "order": [
    "TL",
    "TR",
    "BR",
    "BL"
  ],
  "augmented_from": "images.jpeg"
}