{
  "image": "aug_pool_real_023_087.jpg",
  "width": 1158,
  "height": 1158,
  "corners": {
    "TL": [
      425.22039794921875,
      432.4775390625
    ],
    "TR": [
      724.254638671875,
      377.7188720703125
    ],
    "BR": [
      981.5411987304688,
      604.4866333007812
    ],
    "BL": [
      304.28369140625,
      719.8436889648438
    ]
  },
  "order": [
    "TL",
    "TR",
    "BR",
    "BL"
  ],
  "augmented_from": "pool_real_023.jpg"
}