{
  "image": "aug_pool_real_027_117.jpg",
  "width": 217,
  "height": 323,
  "corners": {
    "TL": [
      70.52902221679688,
      153.47161865234375
    ],
    "TR": [
      141.4351806640625,
      140.9689483642578
    ],
    "BR": [
      192.92337036132812,
      214.13975524902344
    ],
    "BL": [
      52.386085510253906,
      234.8585662841797
    ]
  },
  "order": [
    "TL",
    "TR",
    "BR",
    "BL"
  ],
  "augmented_from": "pool_real_027.jpg"
}