{
  "image": "aug_pool_real_027_115.jpg",
  "width": 193,
  "height": 312,
  "corners": {
    "TL": [
      61.90074920654297,
      138.41757202148438
    ],
    "TR": [
      133.62677001953125,
      144.69277954101562
    ],
    "BR": [
      164.42254638671875,
      228.69647216796875
    ],
    "BL": [
      23.311527252197266,
      212.3355712890625
    ]
  },
  "order": [
    "TL",
    "TR",
    "BR",
    "BL"
  ],
  "augmented_from": "pool_real_027.jpg"
}