{
  "image": "aug_original_010.jpg",
  "width": 895,
  "height": 631,
  "corners": {
    "TL": [
      284.1728515625,
      208.8592987060547
    ],
    "TR": [
      626.9509887695312,
      237.8446807861328
    ],
    "BR": [
      767.1443481445312,
      597.4317016601562
    ],
    "BL": [
      85.0996322631836,
      533.7452392578125
    ]
  },
  "order": [
    "TL",
    "TR",
    "BR",
    "BL"
  ],
  "augmented_from": "original.jpg"
}