{
  "image": "aug_original_011.jpg",
  "width": 895,
  "height": 631,
  "corners": {
    "TL": [
      268.13616943359375,
      238.84088134765625
    ],
    "TR": [
      610.739990234375,
      207.86309814453125
    ],
    "BR": [
      811.2451782226562,
      537.642822265625
    ],
    "BL": [
      128.50318908691406,
      593.3597412109375
    ]
  },
  "order": [
    "TL",
    "TR",
    "BR",
    "BL"
  ],
  "augmented_from": "original.jpg"
}