{
  "image": "aug_pool_real_010_070.jpg",
  "width": 360,
  "height": 283,
  "corners": {
    "TL": [
      233.57571411132812,
      68.39122772216797
    ],
    "TR": [
      325.64923095703125,
      94.51537322998047
    ],
    "BR": [
      143.14779663085938,
      207.03750610351562
    ],
    "BL": [
      50.326473236083984,
      120.6187515258789
    ]
  },
  "order": [
    "TL",
    "TR",
    "BR",
    "BL"
  ],
  "augmented_from": "pool_real_010.jpg"
}