{
  "image": "aug_pool_real_010_077.jpg",
  "width": 379,
  "height": 310,
  "corners": {
    "TL": [
      60.97417449951172,
      71.91954803466797
    ],
    "TR": [
      156.67176818847656,
      70.51593780517578
    ],
    "BR": [
      320.15948486328125,
      168.39224243164062
    ],
    "BL": [
      208.13414001464844,
      227.84242248535156
    ]
  },
  "order": [
    "TL",
    "TR",
    "BR",
    "BL"
  ],
  "augmented_from": "pool_real_010.jpg"
}