{
  "image": "aug_pool_real_002_024.jpg",
  "width": 1124,
  "height": 963,
  "corners": {
    "TL": [
      170.200927734375,
      273.30181884765625
    ],
    "TR": [
      481.8045654296875,
      320.1225280761719
    ],
    "BR": [
      962.1197509765625,
      538.8513793945312
    ],
    "BL": [
      413.531982421875,
      499.9998474121094
    ]
  },
  "order": [
    "TL",
    "TR",
    "BR",
    "BL"
  ],
  "augmented_from": "pool_real_002.png"
}