{
  "image": "aug_pool_real_007_063.jpg",
  "width": 373,
  "height": 280,
  "corners": {
    "TL": [
      214.9203338623047,
      93.86395263671875
    ],
    "TR": [
      330.4306335449219,
      86.69691467285156
    ],
    "BR": [
      222.77955627441406,
      230.576171875
    ],
    "BL": [
      45.637939453125,
      204.94712829589844
    ]
  },
  "order": [
    "TL",
    "TR",
    "BR",
    "BL"
  ],
  "augmented_from": "pool_real_007.jpg"
}