{
  "image": "aug_pool_real_023_085.jpg",
  "width": 1083,
  "height": 1083,
  "corners": {
    "TL": [
      430.8830871582031,
      360.1690979003906
    ],
    "TR": [
      733.9005737304688,
      384.6720275878906
    ],
    "BR": [
      923.728515625,
      670.3035278320312
    ],
    "BL": [
      239.69139099121094,
      606.4427490234375
    ]
  },
  "order": [
    "TL",
    "TR",
    "BR",
    "BL"
  ],
  "augmented_from": "pool_real_023.jpg"
}