{
  "image": "aug_pool_real_003_050.jpg",
  "width": 720,
  "height": 960,
  "corners": {
    "TL": [
      454.9147644042969,
      576.4692993164062
    ],
    "TR": [
      630.2596435546875,
      548.4812622070312
    ],
    "BR": [
      434.1125183105469,
      726.5743408203125
    ],
    "BL": [
      111.2253189086914,
      670.5643920898438
    ]
  },
  "order": [
    "TL",
    "TR",
    "BR",
    "BL"
  ],
  "augmented_from": "pool_real_003.png"
}