{
  "image": "aug_pool_real_003_043.jpg",
  "width": 943,
  "height": 1113,
  "corners": {
    "TL": [
      565.4957885742188,
      621.3829345703125
    ],
    "TR": [
      768.3587646484375,
      582.5551147460938
    ],
    "BR": [
      620.8966674804688,
      785.64111328125
    ],
    "BL": [
      265.0148620605469,
      798.17724609375
    ]
  },
  "order": [
    "TL",
    "TR",
    "BR",
    "BL"
  ],
  "augmented_from": "pool_real_003.png"
}