{
  "image": "aug_pool_real_010_068.jpg",
  "width": 394,
  "height": 334,
  "corners": {
    "TL": [
      262.4570007324219,
      104.30524444580078
    ],
    "TR": [
      348.59527587890625,
      146.02090454101562
    ],
    "BR": [
      149.3271942138672,
      225.1425323486328
    ],
    "BL": [
      72.92250061035156,
      123.91841125488281
    ]
  },
  "order": [
    "TL",
    "TR",
    "BR",
    "BL"
  ],
  "augmented_from": "pool_real_010.jpg"
}