{
  "image": "aug_pool_real_027_113.jpg",
  "width": 239,
  "height": 332,
  "corners": {
    "TL": [
      88.47954559326172,
      142.6765899658203
    ],
    "TR": [
      158.0261993408203,
      161.31155395507812
    ],
    "BR": [
      173.7670440673828,
      249.3866729736328
    ],
    "BL": [
      37.64085388183594,
      208.7706756591797
    ]
  },
  "order": [
    "TL",
    "TR",
    "BR",
    "BL"
  ],
  "augmented_from": "pool_real_027.jpg"
}