{
  "image": "aug_original_008.jpg",
  "width": 965,
  "height": 760,
  "corners": {
    "TL": [
      340.172119140625,
      246.61795043945312
    ],
    "TR": [
      672.7094116210938,
      334.6857604980469
    ],
    "BR": [
      748.3313598632812,
      713.1541748046875
    ],
    "BL": [
      87.70742797851562,
      531.9993896484375
    ]
  },
  "order": [
    "TL",
    "TR",
    "BR",
    "BL"
  ],
  "augmented_from": "original.jpg"
}