{
  "image": "aug_pool_real_007_054.jpg",
  "width": 373,
  "height": 280,
  "corners": {
    "TL": [
      42.56935501098633,
      86.69691467285156
    ],
    "TR": [
      158.0796661376953,
      93.86395263671875
    ],
    "BR": [
      327.362060546875,
      204.94712829589844
    ],
    "BL": [
      150.22044372558594,
      230.576171875
    ]
  },
  "order": [
    "TL",
    "TR",
    "BR",
    "BL"
  ],
  "augmented_from": "pool_real_007.jpg"
}