{
  "image": "aug_pool_real_010_078.jpg",
  "width": 379,
  "height": 310,
  "corners": {
    "TL": [
      40.31003952026367,
      120.8883285522461
    ],
    "TR": [
      129.7563018798828,
      86.8388671875
    ],
    "BR": [
      316.86016845703125,
      122.89641571044922
    ],
    "BL": [
      231.92393493652344,
      217.07623291015625
    ]
  },
  "order": [
    "TL",
    "TR",
    "BR",
    "BL"
  ],
  "augmented_from": "pool_real_010.jpg"
}