{
  "image": "aug_pool_real_024_111.jpg",
  "width": 320,
  "height": 569,
  "corners": {
    "TL": [
      50.803306579589844,
      76.282470703125
    ],
    "TR": [
      232.1208953857422,
      72.51274108886719
    ],
    "BR": [
      301.7590637207031,
      390.2491149902344
    ],
    "BL": [
      35.583431243896484,
      439.0812683105469
    ]
  },
  "order": [
    "TL",
    "TR",
    "BR",
    "BL"
  ],
  "augmented_from": "pool_real_024.jpg"
}