{
  "image": "aug_pool_real_010_081.jpg",
  "width": 340,
  "height": 255,
  "corners": {
    "TL": [
      217.5111083984375,
      54.14158630371094
    ],
    "TR": [
      307.29071044921875,
      77.62435150146484
    ],
    "BR": [
      151.5785675048828,
      190.9363555908203
    ],
    "BL": [
      38.9251594543457,
      113.93791961669922
    ]
  },
  "order": [
    "TL",
    "TR",
    "BR",
    "BL"
  ],
  "augmented_from": "pool_real_010.jpg"
}