{
  "image": "aug_pool_real_003_042.jpg",
  "width": 875,
  "height": 1070,
  "corners": {
    "TL": [
      525.483154296875,
      607.8283081054688
    ],
    "TR": [
      730.9583129882812,
      586.8289184570312
    ],
    "BR": [
      566.357177734375,
      776.2899169921875
    ],
    "BL": [
      210.73704528808594,
      757.76123046875
    ]
  },
  "order": [
    "TL",
    "TR",
    "BR",
    "BL"
  ],
  "augmented_from": "pool_real_003.png"
}