{
  "image": "aug_pool_real_027_122.jpg",
  "width": 217,
  "height": 323,
  "corners": {
    "TL": [
      75.5648193359375,
      140.9689483642578
    ],
    "TR": [
      146.47097778320312,
      153.47161865234375
    ],
    "BR": [
      164.61392211914062,
      234.8585662841797
    ],
    "BL": [
      24.076622009277344,
      214.13975524902344
    ]
  },
  "order": [
    "TL",
    "TR",
    "BR",
    "BL"
  ],
  "augmented_from": "pool_real_027.jpg"
}