{
  "image": "aug_pool_real_002_035.jpg",
  "width": 1000,
  "height": 802,
  "corners": {
    "TL": [
      45.07939910888672,
      244.4942626953125
    ],
    "TR": [
      356.6181945800781,
      244.79319763183594
    ],
    "BR": [
      895.0941772460938,
      373.3297424316406
    ],
    "BL": [
      383.29901123046875,
      435.8092956542969
    ]
  },
  "order": [
    "TL",
    "TR",
    "BR",
    "BL"
  ],
  "augmented_from": "pool_real_002.png"
}