{
  "image": "aug_pool_real_002_023.jpg",
  "width": 1173,
  "height": 1033,
  "corners": {
    "TL": [
      214.33750915527344,
      274.946533203125
    ],
    "TR": [
      520.6746826171875,
      348.74713134765625
    ],
    "BR": [
      980.0986938476562,
      608.505859375
    ],
    "BL": [
      436.98455810546875,
      521.9896240234375
    ]
  },
  "order": [
    "TL",
    "TR",
    "BR",
    "BL"
  ],
  "augmented_from": "pool_real_002.png"
}