{
  "image": "aug_pool_real_027_118.jpg",
  "width": 239,
  "height": 332,
  "corners": {
    "TL": [
      80.97379302978516,
      161.31155395507812
    ],
    "TR": [
      150.52044677734375,
      142.6765899658203
    ],
    "BR": [
      208.18997192382812,
      211.08145141601562
    ],
    "BL": [
      69.99323272705078,
      243.97006225585938
    ]
  },
  "order": [
    "TL",
    "TR",
    "BR",
    "BL"
  ],
  "augmented_from": "pool_real_027.jpg"
}