{
  "image": "aug_pool_real_002_028.jpg",
  "width": 1173,
  "height": 1033,
  "corners": {
    "TL": [
      143.4210968017578,
      493.3898010253906
    ],
    "TR": [
      445.6171875,
      404.1343994140625
    ],
    "BR": [
      973.369384765625,
      399.38006591796875
    ],
    "BL": [
      459.7606506347656,
      596.0118408203125
    ]
  },
  "order": [
    "TL",
    "TR",
    "BR",
    "BL"
  ],
  "augmented_from": "pool_real_002.png"
}