{
  "image": "aug_original_013.jpg",
  "width": 965,
  "height": 760,
  "corners": {
    "TL": [
      292.5494079589844,
      335.6517028808594
    ],
    "TR": [
      624.569091796875,
      245.6520233154297
    ],
    "BR": [
      879.2937622070312,
      535.6043090820312
    ],
    "BL": [
      216.59930419921875,
      709.0316162109375
    ]
  },
  "order": [
    "TL",
    "TR",
    "BR",
    "BL"
  ],
  "augmented_from": "original.jpg"
}