{
  "image": "aug_pool_real_007_053.jpg",
  "width": 386,
  "height": 305,
  "corners": {
    "TL": [
      54.262725830078125,
      86.85536193847656
    ],
    "TR": [
      168.70884704589844,
      104.06251525878906
    ],
    "BR": [
      327.66552734375,
      229.4769287109375
    ],
    "BL": [
      148.96426391601562,
      239.5695343017578
    ]
  },
  "order": [
    "TL",
    "TR",
    "BR",
    "BL"
  ],
  "augmented_from": "pool_real_007.jpg"
}