{
  "image": "aug_pool_real_010_073.jpg",
  "width": 394,
  "height": 334,
  "corners": {
    "TL": [
      222.3400421142578,
      79.97624969482422
    ],
    "TR": [
      317.7958068847656,
      73.03392791748047
    ],
    "BR": [
      184.785400390625,
      241.18931579589844
    ],
    "BL": [
      68.00493621826172,
      191.72900390625
    ]
  },
  "order": [
    "TL",
    "TR",
    "BR",
    "BL"
  ],
  "augmented_from": "pool_real_010.jpg"
}