{
  "image": "aug_original_009.jpg",
  "width": 934,
  "height": 699,
  "corners": {
    "TL": [
      313.58868408203125,
      229.0301971435547
    ],
    "TR": [
      652.5361938476562,
      287.7803649902344
    ],
    "BR": [
      760.8560791015625,
      658.2177124023438
    ],
    "BL": [
      86.95735168457031,
      535.3294677734375
    ]
  },
  "order": [
    "TL",
    "TR",
    "BR",
    "BL"
  ],
  "augmented_from": "original.jpg"
}