{
  "image": "aug_pool_real_007_066.jpg",
  "width": 340,
  "height": 225,
  "corners": {
    "TL": [
      30.687776565551758,
      90.5461654663086
    ],
    "TR": [
      137.6285858154297,
      78.68628692626953
    ],
    "BR": [
      328.2598876953125,
      146.35826110839844
    ],
    "BL": [
      160.6776123046875,
      208.70816040039062
    ]
  },
  "order": [
    "TL",
    "TR",
    "BR",
    "BL"
  ],
  "augmented_from": "pool_real_007.jpg"
}