{
  "image": "aug_pool_real_007_064.jpg",
  "width": 340,
  "height": 225,
  "corners": {
    "TL": [
      19.61833381652832,
      83.69573974609375
    ],
    "TR": [
      121.09140014648438,
      64.94204711914062
    ],
    "BR": [
      307.2548828125,
      154.45538330078125
    ],
    "BL": [
      144.9504852294922,
      208.15426635742188
    ]
  },
  "order": [
    "TL",
    "TR",
    "BR",
    "BL"
  ],
  "augmented_from": "pool_real_007.jpg"
}