{
  "image": "aug_pool_real_023_092.jpg",
  "width": 1158,
  "height": 1158,
  "corners": {
    "TL": [
      433.745361328125,
      377.7188720703125
    ],
    "TR": [
      732.7796020507812,
      432.4775390625
    ],
    "BR": [
      853.71630859375,
      719.8436889648438
    ],
    "BL": [
      176.4587860107422,
      604.4866333007812
    ]
  },
  "order": [
    "TL",
    "TR",
    "BR",
    "BL"
  ],
  "augmented_from": "pool_real_023.jpg"
}