{
  "image": "aug_pool_real_024_101.jpg",
  "width": 368,
  "height": 594,
  "corners": {
    "TL": [
      62.60988235473633,
      91.29708099365234
    ],
    "TR": [
      229.06155395507812,
      77.73826599121094
    ],
    "BR": [
      334.7042541503906,
      401.763916015625
    ],
    "BL": [
      82.33056640625,
      442.91632080078125
    ]
  },
  "order": [
    "TL",
    "TR",
    "BR",
    "BL"
  ],
  "augmented_from": "pool_real_024.jpg"
}