{
  "image": "aug_pool_real_024_110.jpg",
  "width": 320,
  "height": 569,
  "corners": {
    "TL": [
      61.888004302978516,
      63.84419250488281
    ],
    "TR": [
      235.18028259277344,
      53.49995422363281
    ],
    "BR": [
      296.9313049316406,
      384.4053039550781
    ],
    "BL": [
      56.87215805053711,
      438.1764831542969
    ]
  },
  "order": [
    "TL",
    "TR",
    "BR",
    "BL"
  ],
  "augmented_from": "pool_real_024.jpg"
}