{
  "image": "aug_pool_real_027_114.jpg",
  "width": 217,
  "height": 323,
  "corners": {
    "TL": [
      75.5648193359375,
      140.9689483642578
    ],
    "TR": [
      146.47097778320312,
      153.47161865234375
    ],
    "BR": [
      169.8281707763672,
      239.8396759033203
    ],
    "BL": [
      30.68006134033203,
      211.24240112304688
    ]
  },
  "order": [
    "TL",
    "TR",
    "BR",
    "BL"
  ],
  "augmented_from": "pool_real_027.jpg"
}