{
  "image": "aug_pool_real_010_080.jpg",
  "width": 340,
  "height": 255,
  "corners": {
    "TL": [
      203.58909606933594,
      50.21924591064453
    ],
    "TR": [
      308.7535705566406,
      62.330997467041016
    ],
    "BR": [
      128.66033935546875,
      192.68734741210938
    ],
    "BL": [
      51.04714584350586,
      114.39334106445312
    ]
  },
  "order": [
    "TL",
    "TR",
    "BR",
    "BL"
  ],
  "augmented_from": "pool_real_010.jpg"
}