{
  "image": "aug_images_002.jpg",
  "width": 313,
  "height": 193,
  "corners": {
    "TL": [
      110.41267395019531,
      15.17375373840332
    ],
    "TR": [
      207.30502319335938,
      20.6392765045166
    ],
    "BR": [
      293.25323486328125,
      162.67062377929688
    ],
    "BL": [
      24.268476486206055,
      162.22537231445312
    ]
  },
  "order": [
    "TL",
    "TR",
    "BR",
    "BL"
  ],
  "augmented_from": "images.jpeg"
}