{
  "image": "aug_pool_real_023_084.jpg",
  "width": 1158,
  "height": 1158,
  "corners": {
    "TL": [
      484.6080627441406,
      388.71820068359375
    ],
    "TR": [
      784.3369140625,
      439.5376281738281
    ],
    "BR": [
      948.5480346679688,
      740.6268310546875
    ],
    "BL": [
      272.6797180175781,
      617.3912963867188
    ]
  },
  "order": [
    "TL",
    "TR",
    "BR",
    "BL"
  ],
  "augmented_from": "pool_real_023.jpg"
}