{
  "image": "aug_pool_real_023_093.jpg",
  "width": 1158,
  "height": 1158,
  "corners": {
    "TL": [
      373.6630859375,
      439.5376281738281
    ],
    "TR": [
      673.3919677734375,
      388.71820068359375
    ],
    "BR": [
      885.3202514648438,
      617.3912963867188
    ],
    "BL": [
      209.45193481445312,
      740.6268310546875
    ]
  },
  "order": [
    "TL",
    "TR",
    "BR",
    "BL"
  ],
  "augmented_from": "pool_real_023.jpg"
}