{
  "image": "aug_pool_real_027_116.jpg",
  "width": 193,
  "height": 312,
  "corners": {
    "TL": [
      59.373233795166016,
      144.69277954101562
    ],
    "TR": [
      131.09925842285156,
      138.41757202148438
    ],
    "BR": [
      176.01426696777344,
      215.79742431640625
    ],
    "BL": [
      34.20599365234375,
      224.1887664794922
    ]
  },
  "order": [
    "TL",
    "TR",
    "BR",
    "BL"
  ],
  "augmented_from": "pool_real_027.jpg"
}