{
  "image": "aug_pool_real_027_123.jpg",
  "width": 217,
  "height": 323,
  "corners": {
    "TL": [
      70.52902221679688,
      153.47161865234375
    ],
    "TR": [
      141.4351806640625,
      140.9689483642578
    ],
    "BR": [
      186.31993103027344,
      211.24240112304688
    ],
    "BL": [
      47.17182922363281,
      239.8396759033203
    ]
  },
  "order": [
    "TL",
    "TR",
    "BR",
    "BL"
  ],
  "augmented_from": "pool_real_027.jpg"
}