{
  "image": "aug_pool_real_002_034.jpg",
  "width": 1000,
  "height": 802,
  "corners": {
    "TL": [
      81.73682403564453,
      243.78025817871094
    ],
    "TR": [
      430.5667724609375,
      273.65252685546875
    ],
    "BR": [
      939.1599731445312,
      413.3321228027344
    ],
    "BL": [
      364.83203125,
      472.06744384765625
    ]
  },
  "order": [
    "TL",
    "TR",
    "BR",
    "BL"
  ],
  "augmented_from": "pool_real_002.png"
}