{
  "image": "aug_images_001.jpg",
  "width": 324,
  "height": 217,
  "corners": {
    "TL": [
      123.17610168457031,
      23.466449737548828
    ],
    "TR": [
      219.223388671875,
      37.355899810791016
    ],
    "BR": [
      292.4656982421875,
      186.33766174316406
    ],
    "BL": [
      24.54331398010254,
      162.45053100585938
    ]
  },
  "order": [
    "TL",
    "TR",
    "BR",
    "BL"
  ],
  "augmented_from": "images.jpeg"
}