{
  "image": "aug_original_018.jpg",
  "width": 934,
  "height": 699,
  "corners": {
    "TL": [
      281.4637756347656,
      287.7803649902344
    ],
    "TR": [
      620.4113159179688,
      229.0301971435547
    ],
    "BR": [
      847.0426635742188,
      535.3294677734375
    ],
    "BL": [
      173.14393615722656,
      658.2177124023438
    ]
  },
  "order": [
    "TL",
    "TR",
    "BR",
    "BL"
  ],
  "augmented_from": "original.jpg"
}