{
  "image": "aug_pool_real_007_057.jpg",
  "width": 373,
  "height": 280,
  "corners": {
    "TL": [
      33.01870346069336,
      139.13865661621094
    ],
    "TR": [
      144.01417541503906,
      106.36662292480469
    ],
    "BR": [
      341.08026123046875,
      152.85267639160156
    ],
    "BL": [
      183.3872528076172,
      237.52210998535156
    ]
  },
  "order": [
    "TL",
    "TR",
    "BR",
    "BL"
  ],
  "augmented_from": "pool_real_007.jpg"
}