{
  "image": "aug_pool_real_007_058.jpg",
  "width": 386,
  "height": 305,
  "corners": {
    "TL": [
      40.02767562866211,
      165.0187225341797
    ],
    "TR": [
      147.74449157714844,
      122.6974868774414
    ],
    "BR": [
      348.1122131347656,
      151.83120727539062
    ],
    "BL": [
      198.39869689941406,
      249.92230224609375
    ]
  },
  "order": [
    "TL",
    "TR",
    "BR",
    "BL"
  ],
  "augmented_from": "pool_real_007.jpg"
}