{
  "image": "aug_pool_real_023_086.jpg",
  "width": 1083,
  "height": 1083,
  "corners": {
    "TL": [
      401.0758361816406,
      382.13232421875
    ],
    "TR": [
      703.7446899414062,
      353.64459228515625
    ],
    "BR": [
      940.2881469726562,
      601.9734497070312
    ],
    "BL": [
      255.55374145507812,
      657.8646850585938
    ]
  },
  "order": [
    "TL",
    "TR",
    "BR",
    "BL"
  ],
  "augmented_from": "pool_real_023.jpg"
}