{
  "image": "aug_pool_real_003_038.jpg",
  "width": 943,
  "height": 1113,
  "corners": {
    "TL": [
      520.4612426757812,
      659.6881713867188
    ],
    "TR": [
      715.5596923828125,
      727.4937744140625
    ],
    "BR": [
      486.31072998046875,
      829.6403198242188
    ],
    "BL": [
      171.8400115966797,
      662.5560302734375
    ]
  },
  "order": [
    "TL",
    "TR",
    "BR",
    "BL"
  ],
  "augmented_from": "pool_real_003.png"
}