{
  "image": "aug_images_003.jpg",
  "width": 324,
  "height": 217,
  "corners": {
    "TL": [
      96.43428039550781,
      41.8731575012207
    ],
    "TR": [
      191.43968200683594,
      22.074859619140625
    ],
    "BR": [
      311.2196960449219,
      137.02157592773438
    ],
    "BL": [
      51.285133361816406,
      206.20986938476562
    ]
  },
  "order": [
    "TL",
    "TR",
    "BR",
    "BL"
  ],
  "augmented_from": "images.jpeg"
}