{
  "image": "aug_pool_real_003_051.jpg",
  "width": 720,
  "height": 960,
  "corners": {
    "TL": [
      456.303466796875,
      564.8660888671875
    ],
    "TR": [
      618.088623046875,
      598.377197265625
    ],
    "BR": [
      460.0212097167969,
      744.7061157226562
    ],
    "BL": [
      113.60770416259766,
      659.5234985351562
    ]
  },
  "order": [
    "TL",
    "TR",
    "BR",
    "BL"
  ],
  "augmented_from": "pool_real_003.png"
}