{
  "image": "aug_original_019.jpg",
  "width": 850,
  "height": 560,
  "corners": {
    "TL": [
      250.01275634765625,
      200.77587890625
    ],
    "TR": [
      576.5778198242188,
      187.6376953125
    ],
    "BR": [
      774.2841796875,
      512.6809692382812
    ],
    "BL": [
      90.31304931640625,
      514.239501953125
    ]
  },
  "order": [
    "TL",
    "TR",
    "BR",
    "BL"
  ],
  "augmented_from": "original.jpg"
}