{
  "image": "aug_pool_real_002_027.jpg",
  "width": 1124,
  "height": 963,
  "corners": {
    "TL": [
      122.62133026123047,
      419.8608703613281
    ],
    "TR": [
      431.44659423828125,
      357.2832336425781
    ],
    "BR": [
      957.6049194335938,
      398.54364013671875
    ],
    "BL": [
      428.8130187988281,
      549.6632080078125
    ]
  },
  "order": [
    "TL",
    "TR",
    "BR",
    "BL"
  ],
  "augmented_from": "pool_real_002.png"
}