{
  "image": "aug_pool_real_003_040.jpg",
  "width": 800,
  "height": 1019,
  "corners": {
    "TL": [
      466.1358642578125,
      602.6184692382812
    ],
    "TR": [
      670.0446166992188,
      635.5154418945312
    ],
    "BR": [
      462.01605224609375,
      775.9188842773438
    ],
    "BL": [
      123.30895233154297,
      665.980224609375
    ]
  },
  "order": [
    "TL",
    "TR",
    "BR",
    "BL"
  ],
  "augmented_from": "pool_real_003.png"
}