{
  "image": "aug_pool_real_002_032.jpg",
  "width": 1124,
  "height": 963,
  "corners": {
    "TL": [
      692.5534057617188,
      357.2832336425781
    ],
    "TR": [
      1001.378662109375,
      419.8608703613281
    ],
    "BR": [
      695.18701171875,
      549.6632080078125
    ],
    "BL": [
      166.3950958251953,
      398.54364013671875
    ]
  },
  "order": [
    "TL",
    "TR",
    "BR",
    "BL"
  ],
  "augmented_from": "pool_real_002.png"
}