{
  "image": "aug_pool_real_010_079.jpg",
  "width": 340,
  "height": 255,
  "corners": {
    "TL": [
      225.36236572265625,
      58.08026123046875
    ],
    "TR": [
      306.0496826171875,
      60.04505920410156
    ],
    "BR": [
      131.59983825683594,
      194.51300048828125
    ],
    "BL": [
      47.650001525878906,
      125.35890197753906
    ]
  },
  "order": [
    "TL",
    "TR",
    "BR",
    "BL"
  ],
  "augmented_from": "pool_real_010.jpg"
}