{
  "image": "aug_pool_real_002_033.jpg",
  "width": 1124,
  "height": 963,
  "corners": {
    "TL": [
      642.1954345703125,
      320.1225280761719
    ],
    "TR": [
      953.799072265625,
      273.30181884765625
    ],
    "BR": [
      710.468017578125,
      499.9998474121094
    ],
    "BL": [
      161.8802490234375,
      538.8513793945312
    ]
  },
  "order": [
    "TL",
    "TR",
    "BR",
    "BL"
  ],
  "augmented_from": "pool_real_002.png"
}