{
  "image": "aug_pool_real_023_083.jpg",
  "width": 1224,
  "height": 1224,
  "corners": {
    "TL": [
      534.5513916015625,
      414.2154846191406
    ],
    "TR": [
      828.7105102539062,
      490.9646301269531
    ],
    "BR": [
      966.0551147460938,
      805.2200317382812
    ],
    "BL": [
      303.4993591308594,
      623.547607421875
    ]
  },
  "order": [
    "TL",
    "TR",
    "BR",
    "BL"
  ],
  "augmented_from": "pool_real_023.jpg"
}