{
  "image": "aug_original_021.jpg",
  "width": 850,
  "height": 560,
  "corners": {
    "TL": [
      227.29859924316406,
      187.78392028808594
    ],
    "TR": [
      565.3384399414062,
      205.33755493164062
    ],
    "BR": [
      751.5970458984375,
      540.281005859375
    ],
    "BL": [
      70.19635009765625,
      529.8990478515625
    ]
  },
  "order": [
    "TL",
    "TR",
    "BR",
    "BL"
  ],
  "augmented_from": "original.jpg"
}