{
  "image": "aug_pool_real_024_098.jpg",
  "width": 456,
  "height": 632,
  "corners": {
    "TL": [
      184.28514099121094,
      81.18462371826172
    ],
    "TR": [
      345.3359375,
      125.37332916259766
    ],
    "BR": [
      333.7843017578125,
      465.9897766113281
    ],
    "BL": [
      82.55565643310547,
      418.343505859375
    ]
  },
  "order": [
    "TL",
    "TR",
    "BR",
    "BL"
  ],
  "augmented_from": "pool_real_024.jpg"
}