{
  "image": "aug_pool_real_003_041.jpg",
  "width": 800,
  "height": 1019,
  "corners": {
    "TL": [
      481.30096435546875,
      589.7194213867188
    ],
    "TR": [
      687.8244018554688,
      586.708251953125
    ],
    "BR": [
      507.3370361328125,
      761.1023559570312
    ],
    "BL": [
      154.68502807617188,
      711.6498413085938
    ]
  },
  "order": [
    "TL",
    "TR",
    "BR",
    "BL"
  ],
  "augmented_from": "pool_real_003.png"
}