{
  "image": "aug_images_000.jpg",
  "width": 333,
  "height": 239,
  "corners": {
    "TL": [
      135.23500061035156,
      31.406301498413086
    ],
    "TR": [
      229.7062530517578,
      53.61397171020508
    ],
    "BR": [
      289.68524169921875,
      208.41229248046875
    ],
    "BL": [
      24.86427879333496,
      161.2650909423828
    ]
  },
  "order": [
    "TL",
    "TR",
    "BR",
    "BL"
  ],
  "augmented_from": "images.jpeg"
}