{
  "image": "aug_pool_real_023_088.jpg",
  "width": 1224,
  "height": 1224,
  "corners": {
    "TL": [
      446.0352783203125,
      479.4378967285156
    ],
    "TR": [
      739.1591186523438,
      398.8250427246094
    ],
    "BR": [
      1015.230712890625,
      602.305908203125
    ],
    "BL": [
      350.6044006347656,
      776.2508544921875
    ]
  },
  "order": [
    "TL",
    "TR",
    "BR",
    "BL"
  ],
  "augmented_from": "pool_real_023.jpg"
}