{
  "image": "aug_pool_real_003_049.jpg",
  "width": 720,
  "height": 960,
  "corners": {
    "TL": [
      405.51806640625,
      591.2274169921875
    ],
    "TR": [
      651.9149169921875,
      599.5877075195312
    ],
    "BR": [
      460.6252136230469,
      707.2866821289062
    ],
    "BL": [
      89.84762573242188,
      630.4987182617188
    ]
  },
  "order": [
    "TL",
    "TR",
    "BR",
    "BL"
  ],
  "augmented_from": "pool_real_003.png"
}