{
  "image": "aug_pool_real_003_047.jpg",
  "width": 875,
  "height": 1070,
  "corners": {
    "TL": [
      144.04171752929688,
      586.8289184570312
    ],
    "TR": [
      349.516845703125,
      607.8283081054688
    ],
    "BR": [
      664.262939453125,
      757.76123046875
    ],
    "BL": [
      308.642822265625,
      776.2899169921875
    ]
  },
  "order": [
    "TL",
    "TR",
    "BR",
    "BL"
  ],
  "augmented_from": "pool_real_003.png"
}