{
  "image": "aug_pool_real_024_108.jpg",
  "width": 413,
  "height": 615,
  "corners": {
    "TL": [
      106.22476959228516,
      107.37222290039062
    ],
    "TR": [
      270.5140075683594,
      77.38816833496094
    ],
    "BR": [
      342.4710693359375,
      422.13037109375
    ],
    "BL": [
      88.04576873779297,
      447.6993103027344
    ]
  },
  "order": [
    "TL",
    "TR",
    "BR",
    "BL"
  ],
  "augmented_from": "pool_real_024.jpg"
}