{
  "image": "aug_pool_real_007_062.jpg",
  "width": 373,
  "height": 280,
  "corners": {
    "TL": [
      228.98582458496094,
      106.36662292480469
    ],
    "TR": [
      339.9812927246094,
      139.13865661621094
    ],
    "BR": [
      189.6127471923828,
      237.52210998535156
    ],
    "BL": [
      31.919734954833984,
      152.85267639160156
    ]
  },
  "order": [
    "TL",
    "TR",
    "BR",
    "BL"
  ],
  "augmented_from": "pool_real_007.jpg"
}