{
  "image": "aug_pool_real_024_102.jpg",
  "width": 413,
  "height": 615,
  "corners": {
    "TL": [
      67.64361572265625,
      113.1596908569336
    ],
    "TR": [
      232.28016662597656,
      85.14525604248047
    ],
    "BR": [
      365.7615661621094,
      398.73052978515625
    ],
    "BL": [
      117.93489074707031,
      461.7221374511719
    ]
  },
  "order": [
    "TL",
    "TR",
    "BR",
    "BL"
  ],
  "augmented_from": "pool_real_024.jpg"
}