{
  "image": "aug_pool_real_007_065.jpg",
  "width": 340,
  "height": 225,
  "corners": {
    "TL": [
      30.08580780029297,
      80.48725891113281
    ],
    "TR": [
      131.56240844726562,
      76.59992218017578
    ],
    "BR": [
      312.6233215332031,
      144.38563537597656
    ],
    "BL": [
      144.28123474121094,
      201.9019775390625
    ]
  },
  "order": [
    "TL",
    "TR",
    "BR",
    "BL"
  ],
  "augmented_from": "pool_real_007.jpg"
}