{
  "image": "aug_pool_real_024_107.jpg",
  "width": 413,
  "height": 615,
  "corners": {
    "TL": [
      180.71983337402344,
      85.14525604248047
    ],
    "TR": [
      345.35638427734375,
      113.1596908569336
    ],
    "BR": [
      295.0650939941406,
      461.7221374511719
    ],
    "BL": [
      47.23844528198242,
      398.73052978515625
    ]
  },
  "order": [
    "TL",
    "TR",
    "BR",
    "BL"
  ],
  "augmented_from": "pool_real_024.jpg"
}