{
  "image": "aug_pool_real_003_048.jpg",
  "width": 875,
  "height": 1070,
  "corners": {
    "TL": [
      179.4659423828125,
      684.0718994140625
    ],
    "TR": [
      379.73162841796875,
      633.5282592773438
    ],
    "BR": [
      726.7763061523438,
      666.7695922851562
    ],
    "BL": [
      398.93988037109375,
      805.8101196289062
    ]
  },
  "order": [
    "TL",
    "TR",
    "BR",
    "BL"
  ],
  "augmented_from": "pool_real_003.png"
}