{
  "image": "aug_original_017.jpg",
  "width": 934,
  "height": 699,
  "corners": {
    "TL": [
      313.7623596191406,
      228.04539489746094
    ],
    "TR": [
      652.362548828125,
      288.7651672363281
    ],
    "BR": [
      760.5658569335938,
      654.1047973632812
    ],
    "BL": [
      85.2779541015625,
      539.0950317382812
    ]
  },
  "order": [
    "TL",
    "TR",
    "BR",
    "BL"
  ],
  "augmented_from": "original.jpg"
}