{
  "image": "aug_pool_real_023_096.jpg",
  "width": 1000,
  "height": 1000,
  "corners": {
    "TL": [
      363.4226379394531,
      339.58447265625
    ],
    "TR": [
      688.682373046875,
      329.8619689941406
    ],
    "BR": [
      859.2232055664062,
      621.82421875
    ],
    "BL": [
      190.6623992919922,
      565.9215087890625
    ]
  },
  "order": [
    "TL",
    "TR",
    "BR",
    "BL"
  ],
  "augmented_from": "pool_real_023.jpg"
}