{
  "image": "aug_pool_real_023_094.jpg",
  "width": 1000,
  "height": 1000,
  "corners": {
    "TL": [
      356.7872314453125,
      291.9509582519531
    ],
    "TR": [
      686.76513671875,
      327.2143249511719
    ],
    "BR": [
      856.1182861328125,
      577.2916870117188
    ],
    "BL": [
      237.66127014160156,
      570.1649780273438
    ]
  },
  "order": [
    "TL",
    "TR",
    "BR",
    "BL"
  ],
  "augmented_from": "pool_real_023.jpg"
}