{
  "image": "aug_pool_real_007_055.jpg",
  "width": 358,
  "height": 253,
  "corners": {
    "TL": [
      30.971384048461914,
      85.94412994384766
    ],
    "TR": [
      146.6667938232422,
      83.01651000976562
    ],
    "BR": [
      324.9865417480469,
      178.9230499267578
    ],
    "BL": [
      150.7527313232422,
      219.8934783935547
    ]
  },
  "order": [
    "TL",
    "TR",
    "BR",
    "BL"
  ],
  "augmented_from": "pool_real_007.jpg"
}