{
  "image": "aug_pool_real_007_056.jpg",
  "width": 358,
  "height": 253,
  "corners": {
    "TL": [
      26.177818298339844,
      112.2651596069336
    ],
    "TR": [
      139.607177734375,
      89.2917251586914
    ],
    "BR": [
      331.8718566894531,
      152.77633666992188
    ],
    "BL": [
      167.39947509765625,
      223.3797149658203
    ]
  },
  "order": [
    "TL",
    "TR",
    "BR",
    "BL"
  ],
  "augmented_from": "pool_real_007.jpg"
}