{
  "image": "aug_images_005.jpg",
  "width": 324,
  "height": 217,
  "corners": {
    "TL": [
      132.56031799316406,
      22.074859619140625
    ],
    "TR": [
      227.5657196044922,
      41.8731575012207
    ],
    "BR": [
      272.7148742675781,
      206.20986938476562
    ],
    "BL": [
      12.78029727935791,
      137.02157592773438
    ]
  },
  "order": [
    "TL",
    "TR",
    "BR",
    "BL"
  ],
  "augmented_from": "images.jpeg"
}