{
  "image": "aug_original_012.jpg",
  "width": 934,
  "height": 699,
  "corners": {
    "TL": [
      281.6374206542969,
      288.7651672363281
    ],
    "TR": [
      620.2376708984375,
      228.04539489746094
    ],
    "BR": [
      848.7220458984375,
      539.0950317382812
    ],
    "BL": [
      173.43414306640625,
      654.1047973632812
    ]
  },
  "order": [
    "TL",
    "TR",
    "BR",
    "BL"
  ],
  "augmented_from": "original.jpg"
}