{
  "image": "aug_pool_real_010_071.jpg",
  "width": 360,
  "height": 283,
  "corners": {
    "TL": [
      220.0665740966797,
      60.19858932495117
    ],
    "TR": [
      315.2776794433594,
      69.93745422363281
    ],
    "BR": [
      155.088134765625,
      212.441162109375
    ],
    "BL": [
      48.67051315307617,
      143.45355224609375
    ]
  },
  "order": [
    "TL",
    "TR",
    "BR",
    "BL"
  ],
  "augmented_from": "pool_real_010.jpg"
}