{
  "image": "tgt_pool_real_002_033.jpg",
  "width": 1000,
  "height": 802,
  "corners": {
    "TL": [
      77.1646957397461,
      242.58755493164062
    ],
    "TR": [
      385.54205322265625,
      222.2238006591797
    ],
    "BR": [
      923.3134765625,
      381.85272216796875
    ],
    "BL": [
      343.3337707519531,
      460.8299865722656
    ]
  },
  "order": [
    "TL",
    "TR",
    "BR",
    "BL"
  ],
  "augmented_from": "pool_real_002.png"
}