{
  "image": "tgt_pool_real_002_026.jpg",
  "width": 1000,
  "height": 802,
  "corners": {
    "TL": [
      92.19999694824219,
      266.9700012207031
    ],
    "TR": [
      394.6000061035156,
      259.2900085449219
    ],
    "BR": [
      885.1599731445312,
      386.0099792480469
    ],
    "BL": [
      360.03997802734375,
      440.72998046875
    ]
  },
  "order": [
    "TL",
    "TR",
    "BR",
    "BL"
  ],
  "augmented_from": "pool_real_002.png"
}