{
  "image": "tgt_pool_real_002_031.jpg",
  "width": 1000,
  "height": 802,
  "corners": {
    "TL": [
      97.91062927246094,
      273.4225769042969
    ],
    "TR": [
      380.7633972167969,
      253.30819702148438
    ],
    "BR": [
      913.88623046875,
      383.89898681640625
    ],
    "BL": [
      352.2505798339844,
      422.19683837890625
    ]
  },
  "order": [
    "TL",
    "TR",
    "BR",
    "BL"
  ],
  "augmented_from": "pool_real_002.png"
}