{
  "image": "tgt_pool_real_002_027.jpg",
  "width": 1000,
  "height": 802,
  "corners": {
    "TL": [
      63.79999542236328,
      261.0299987792969
    ],
    "TR": [
      391.3999938964844,
      252.70999145507812
    ],
    "BR": [
      922.8399658203125,
      389.989990234375
    ],
    "BL": [
      353.9599914550781,
      449.2699890136719
    ]
  },
  "order": [
    "TL",
    "TR",
    "BR",
    "BL"
  ],
  "augmented_from": "pool_real_002.png"
}