{
  "image": "tgt_pool_real_002_020.jpg",
  "width": 1040,
  "height": 853,
  "corners": {
    "TL": [
      105.74835968017578,
      267.60198974609375
    ],
    "TR": [
      420.7353515625,
      276.0987854003906
    ],
    "BR": [
      924.126708984375,
      434.6615295410156
    ],
    "BL": [
      374.8931884765625,
      462.9556579589844
    ]
  },
  "order": [
    "TL",
    "TR",
    "BR",
    "BL"
  ],
  "augmented_from": "pool_real_002.png"
}