{
  "image": "tgt_pool_real_002_025.jpg",
  "width": 1000,
  "height": 802,
  "corners": {
    "TL": [
      106.4000015258789,
      269.94000244140625
    ],
    "TR": [
      396.20001220703125,
      262.58001708984375
    ],
    "BR": [
      866.3200073242188,
      384.02001953125
    ],
    "BL": [
      363.08001708984375,
      436.46002197265625
    ]
  },
  "order": [
    "TL",
    "TR",
    "BR",
    "BL"
  ],
  "augmented_from": "pool_real_002.png"
}