{
  "image": "tgt_pool_real_002_034.jpg",
  "width": 1000,
  "height": 802,
  "corners": {
    "TL": [
      46.468135833740234,
      272.20086669921875
    ],
    "TR": [
      353.57427978515625,
      245.85809326171875
    ],
    "BR": [
      881.0020751953125,
      410.3921813964844
    ],
    "BL": [
      390.729736328125,
      439.9545593261719
    ]
  },
  "order": [
    "TL",
    "TR",
    "BR",
    "BL"
  ],
  "augmented_from": "pool_real_002.png"
}