{
  "image": "tgt_pool_real_002_024.jpg",
  "width": 1000,
  "height": 802,
  "corners": {
    "TL": [
      120.5999984741211,
      272.9100036621094
    ],
    "TR": [
      397.79998779296875,
      265.8699951171875
    ],
    "BR": [
      847.47998046875,
      382.0299987792969
    ],
    "BL": [
      366.1199951171875,
      432.19000244140625
    ]
  },
  "order": [
    "TL",
    "TR",
    "BR",
    "BL"
  ],
  "augmented_from": "pool_real_002.png"
}