{
  "image": "tgt_pool_real_002_030.jpg",
  "width": 1000,
  "height": 802,
  "corners": {
    "TL": [
      100.91613006591797,
      258.93450927734375
    ],
    "TR": [
      393.44488525390625,
      260.43035888671875
    ],
    "BR": [
      893.3056640625,
      388.0224609375
    ],
    "BL": [
      356.9879150390625,
      425.9233093261719
    ]
  },
  "order": [
    "TL",
    "TR",
    "BR",
    "BL"
  ],
  "augmented_from": "pool_real_002.png"
}