{
  "image": "tgt_pool_real_002_023.jpg",
  "width": 1090,
  "height": 917,
  "corners": {
    "TL": [
      109.44942474365234,
      373.9500427246094
    ],
    "TR": [
      421.1264953613281,
      327.6208190917969
    ],
    "BR": [
      944.4043579101562,
      396.3616943359375
    ],
    "BL": [
      408.42816162109375,
      519.599365234375
    ]
  },
  "order": [
    "TL",
    "TR",
    "BR",
    "BL"
  ],
  "augmented_from": "pool_real_002.png"
}