{
  "image": "tgt_pool_real_002_029.jpg",
  "width": 1000,
  "height": 802,
  "corners": {
    "TL": [
      35.400001525878906,
      255.08999633789062
    ],
    "TR": [
      388.20001220703125,
      246.1300048828125
    ],
    "BR": [
      960.52001953125,
      393.9700012207031
    ],
    "BL": [
      347.8800048828125,
      457.80999755859375
    ]
  },
  "order": [
    "TL",
    "TR",
    "BR",
    "BL"
  ],
  "augmented_from": "pool_real_002.png"
}