{
  "image": "tgt_pool_real_002_032.jpg",
  "width": 1000,
  "height": 802,
  "corners": {
    "TL": [
      84.76844024658203,
      265.2125549316406
    ],
    "TR": [
      396.34967041015625,
      241.05821228027344
    ],
    "BR": [
      924.1461791992188,
      389.5106506347656
    ],
    "BL": [
      352.2751159667969,
      464.86077880859375
    ]
  },
  "order": [
    "TL",
    "TR",
    "BR",
    "BL"
  ],
  "augmented_from": "pool_real_002.png"
}