{
  "image": "tgt_pool_real_002_028.jpg",
  "width": 1000,
  "height": 802,
  "corners": {
    "TL": [
      49.60000228881836,
      258.05999755859375
    ],
    "TR": [
      389.8000183105469,
      249.42001342773438
    ],
    "BR": [
      941.6800537109375,
      391.9800109863281
    ],
    "BL": [
      350.9200134277344,
      453.5400085449219
    ]
  },
  "order": [
    "TL",
    "TR",
    "BR",
    "BL"
  ],
  "augmented_from": "pool_real_002.png"
}