{
  "image": "tgt_pool_real_002_018.jpg",
  "width": 1090,
  "height": 917,
  "corners": {
    "TL": [
      142.8416290283203,
      271.0923156738281
    ],
    "TR": [
      456.4686279296875,
      301.5408020019531
    ],
    "BR": [
      947.5729370117188,
      494.8321228027344
    ],
    "BL": [
      397.7036437988281,
      484.7447204589844
    ]
  },
  "order": [
    "TL",
    "TR",
    "BR",
    "BL"
  ],
  "augmented_from": "pool_real_002.png"
}