{
  "image": "tgt_pool_real_002_022.jpg",
  "width": 1066,
  "height": 886,
  "corners": {
    "TL": [
      100.6655044555664,
      343.3010559082031
    ],
    "TR": [
      413.76959228515625,
      307.87744140625
    ],
    "BR": [
      934.3296508789062,
      394.83856201171875
    ],
    "BL": [
      394.3789978027344,
      499.29583740234375
    ]
  },
  "order": [
    "TL",
    "TR",
    "BR",
    "BL"
  ],
  "augmented_from": "pool_real_002.png"
}