{
  "image": "tgt_pool_real_002_019.jpg",
  "width": 1066,
  "height": 886,
  "corners": {
    "TL": [
      124.54617309570312,
      269.7416076660156
    ],
    "TR": [
      439.04473876953125,
      289.2261047363281
    ],
    "BR": [
      936.595703125,
      465.2603759765625
    ],
    "BL": [
      386.7093200683594,
      474.3692932128906
    ]
  },
  "order": [
    "TL",
    "TR",
    "BR",
    "BL"
  ],
  "augmented_from": "pool_real_002.png"
}