{
  "image": "tgt_pool_real_002_021.jpg",
  "width": 1040,
  "height": 853,
  "corners": {
    "TL": [
      91.40830993652344,
      311.7735290527344
    ],
    "TR": [
      405.55792236328125,
      287.2986755371094
    ],
    "BR": [
      922.7659912109375,
      392.37408447265625
    ],
    "BL": [
      379.4987487792969,
      477.9237365722656
    ]
  },
  "order": [
    "TL",
    "TR",
    "BR",
    "BL"
  ],
  "augmented_from": "pool_real_002.png"
}