{
  "image": "tgt_pool_real_002_035.jpg",
  "width": 1000,
  "height": 802,
  "corners": {
    "TL": [
      89.20291137695312,
      262.0765380859375
    ],
    "TR": [
      400.56951904296875,
      247.95458984375
    ],
    "BR": [
      881.236083984375,
      368.73065185546875
    ],
    "BL": [
      362.10516357421875,
      469.0195617675781
    ]
  },
  "order": [
    "TL",
    "TR",
    "BR",
    "BL"
  ],
  "augmented_from": "pool_real_002.png"
}